AMERICA TV ,https://i.ibb.co/Q3TmRjd7/america.png,chrome-extension://opmeopcambhfimffbomjgemehjkbbmji/pages/player.html#https://anbalancer.express.com.ar/live/c1eds/AMERICA_TV/SA_DASH_cipix/AMERICA_TV.mpd?dvr_window_length=30&token=WPKtsRxaVIVVwQg9qdj51FCs81CEtcDG&ck=eyIyNmJiZTE0YTIyZTg0ZjY1OGJlMzNmMWM2MGU1ZDhlOSI6Ijk0NGYxZDEwMTY1YzJiYWE1MjdlOTY5YzFjMzZkNTVlIn0%3D
TV PUBLICA ,https://i.ibb.co/V03t5TpL/tvpublica.png,chrome-extension://opmeopcambhfimffbomjgemehjkbbmji/pages/player.html#https://anbalancer.express.com.ar/live/c1eds/TV_PUBLICA_HD/SA_DASH_cipix/TV_PUBLICA_HD.mpd?dvr_window_length=30&token=WPKtsRxaVIVVwQg9qdj51FCs81CEtcDG&ck=eyJhMDU1OGM3ZDI3OWM0YWI2YTMxNzAyYjk0NTJkYTRjMyI6IjMyMzU5ODJkYWZhMTY1OGZhZjJhOWZlZTVmZGI5MTZlIn0%3D
EL NUEVE ,https://i.ibb.co/4RKKhZr3/nueve.png,chrome-extension://opmeopcambhfimffbomjgemehjkbbmji/pages/player.html#https://anbalancer.express.com.ar/live/c1eds/CANAL_9_HD/SA_DASH_cipix/CANAL_9_HD.mpd?dvr_window_length=30&token=WPKtsRxaVIVVwQg9qdj51FCs81CEtcDG&ck=eyI3YjBmOWMwODZjNTI0NDNhYmFmYTU0ZWM4NzkzYTM3YyI6IjI3YThkNTdjYmJkYmVkZTM4NDhlZTBmOWZkMzdlZTgyIn0%3D
TELEFE ,https://i.ibb.co/rfwh6gSL/telefe.png,chrome-extension://opmeopcambhfimffbomjgemehjkbbmji/pages/player.html#https://anbalancer.express.com.ar/live/c1eds/Telefe/SA_DASH_cipix/Telefe.mpd?dvr_window_length=30&token=WPKtsRxaVIVVwQg9qdj51FCs81CEtcDG&ck=eyJiMjAxMWNiZTUxNmQ0NDEzOTY1Mjk0NWY3Mjc4MTU1MiI6Ijk3MWJkMmJmMmMzZWJjMWMyOTY2MjRjOWVkY2I2NDg4In0%3D
EL TRECE ,https://i.ibb.co/KjSfpymR/eltrece.png,chrome-extension://opmeopcambhfimffbomjgemehjkbbmji/pages/player.html#https://anbalancer.express.com.ar/live/c1eds/Canal_13_HD/SA_DASH_cipix/Canal_13_HD.mpd?dvr_window_length=30&token=WPKtsRxaVIVVwQg9qdj51FCs81CEtcDG&ck=eyIzYzlmZWQ5YjAxMjM0YzYyOTJjZWVjZmJhYTA3N2EzOCI6Ijc5ZTBmZDA0MTk5ZjUzZGJhMTRlY2Q1ZGY0YmYxZjNiIn0%3D
A24 ,https://i.ibb.co/gK6QS8z/a24.png,chrome-extension://opmeopcambhfimffbomjgemehjkbbmji/pages/player.html#https://anbalancer.express.com.ar/live/c1eds/America_24/SA_DASH_cipix/America_24.mpd?dvr_window_length=30&token=WPKtsRxaVIVVwQg9qdj51FCs81CEtcDG&ck=eyJhNjY2MmNjMzA2MjI0MmFjYTVmMDgyMGJhMzlhMzJlOSI6IjhjNzkwNmU5YWExMjMyZDBmMzJkZTU2NTAyNWFhZTA3In0%3D
TN,https://i.ibb.co/FkHKJQZb/tn.png,chrome-extension://opmeopcambhfimffbomjgemehjkbbmji/pages/player.html#https://anbalancer.express.com.ar/live/c1eds/TN_HD/SA_DASH_cipix/TN_HD.mpd?dvr_window_length=30&token=WPKtsRxaVIVVwQg9qdj51FCs81CEtcDG&ck=eyI3MzQ3N2U1OTI2Njc0NjhhYWRjMDI4MDUzYjZmMDYwOSI6IjY0ZDZhMGE2ODY4ZjUyYTNhYzU4ODM5NTg3ZmU1YjgzIn0%3D
C5N ,https://i.ibb.co/RG9qw4tn/c5n.png,chrome-extension://opmeopcambhfimffbomjgemehjkbbmji/pages/player.html#https://anbalancer.express.com.ar/live/c1eds/C5N/SA_DASH_cipix/C5N.mpd?dvr_window_length=30&token=WPKtsRxaVIVVwQg9qdj51FCs81CEtcDG&ck=eyI1N2Q3NmUzYzMzZGY0YTY0ODJlZTQyMWExNGNiM2EzZiI6IjUwZjI2ZjRhZTg4ZDExYTJjNjM5MDQ4NGIxNGZlYWFjIn0%3D
CRONICA TV ,https://i.ibb.co/b5mRn0ZS/cronica.png,chrome-extension://opmeopcambhfimffbomjgemehjkbbmji/pages/player.html#https://anbalancer.express.com.ar/live/c1eds/Cronica_TV/SA_DASH_cipix/Cronica_TV.mpd?dvr_window_length=30&token=WPKtsRxaVIVVwQg9qdj51FCs81CEtcDG&ck=eyJiYmRjNzkxNGQxMzE0ZDM5YTFlYmQ0MDNhNTNiMWYyNCI6IjY2MzRlN2I0M2QxMjUyNDM3YTYxM2IyNDEyZTdkMzdlIn0%3D
CANAL 26 ,https://i.ibb.co/VWVbXMqt/canal26.png,chrome-extension://opmeopcambhfimffbomjgemehjkbbmji/pages/player.html#https://anbalancer.express.com.ar/live/c1eds/Canal_26/SA_DASH_cipix/Canal_26.mpd?dvr_window_length=30&token=WPKtsRxaVIVVwQg9qdj51FCs81CEtcDG&ck=eyIzYWRjMmJhNDRmYTY0NTVlODJmZGFiZmYwNzU2ZjA1YyI6IjZmM2JiY2I4ZDkyNjExNGI2ZjVhYjE2YWE2OGE4ODIzIn0%3D
LA NACION,https://i.ibb.co/qFYGQNsr/ln.png,chrome-extension://opmeopcambhfimffbomjgemehjkbbmji/pages/player.html#https://anbalancer.express.com.ar/live/c1eds/LN_Plus/SA_DASH_cipix/LN_Plus.mpd?dvr_window_length=30&token=WPKtsRxaVIVVwQg9qdj51FCs81CEtcDG&ck=eyI1NWNiYTM2YjVlNzk0MGY5OTlkMGQ0NDVlNDVhNzBkZCI6Ijc4NzRiMDNiMGQyZDFhMDAzZjUxYzViMzFkZDQ2MmE0In0%3D
CNN EN ESPAÃ‘OL,https://i.ibb.co/mVFdm447/cnn.png,chrome-extension://opmeopcambhfimffbomjgemehjkbbmji/pages/player.html#https://anbalancer.express.com.ar/live/c1eds/CNN_Espanol/SA_DASH_cipix/CNN_Espanol.mpd?dvr_window_length=30&token=WPKtsRxaVIVVwQg9qdj51FCs81CEtcDG&ck=eyI1YjdlYWY4ZWIzMTM0Y2YxODA2MjhhYTRlOGVhZTBmOSI6IjcyOTYxM2NkOTNmNGY5MTYxNDY3Mjg0NGFkMDQ1OWY2In0%3D
TNT ,https://i.ibb.co/h1BWH2th/tnt.png,chrome-extension://opmeopcambhfimffbomjgemehjkbbmji/pages/player.html#https://anbalancer.express.com.ar/live/c1eds/TNT_HD/SA_DASH_cipix/TNT_HD.mpd?dvr_window_length=30&token=WPKtsRxaVIVVwQg9qdj51FCs81CEtcDG&ck=eyI3YmMzYjBkNmEzNmE0ZGM5YWE4YjVlZTE1NGMxODg0ZSI6IjE5NGQ0YTU5OTllMjE2MjI3YzM2NDJlY2M4MDQzODQyIn0%3D
TNT SERIES ,https://i.ibb.co/zh8h6jGp/tntseries.png,chrome-extension://opmeopcambhfimffbomjgemehjkbbmji/pages/player.html#https://anbalancer.express.com.ar/live/c1eds/TNT_SERIES_HD/SA_DASH_cipix/TNT_SERIES_HD.mpd?dvr_window_length=30&token=WPKtsRxaVIVVwQg9qdj51FCs81CEtcDG&ck=eyI0NTE5ZTUxY2RmNmI0N2M5ODBjMWM2NzZkZWIwYTVjNCI6IjUwNWE1YWJlMzc3NTc4NTczMjdkOTA3ZGIzZTAxODI5In0%3D
CINECANAL ,https://i.ibb.co/6RtbCVYt/cinecanal.png,chrome-extension://opmeopcambhfimffbomjgemehjkbbmji/pages/player.html#https://anbalancer.express.com.ar/live/c1eds/CINECANAL_HD/SA_DASH_cipix/CINECANAL_HD.mpd?dvr_window_length=30&token=WPKtsRxaVIVVwQg9qdj51FCs81CEtcDG&ck=eyJmMTg0NWM4ZDlmNWY0Yzk4YTdhODQ2ZGJiYzk2OTNhZCI6IjZkZjMxZjBkZjU2NjEyNmNjY2FjMTE3OTg4ZTEwNjFlIn0%3D
CINEMAX ,https://i.ibb.co/RGYqhbzp/cinemax.png,chrome-extension://opmeopcambhfimffbomjgemehjkbbmji/pages/player.html#https://anbalancer.express.com.ar/live/c1eds/Cinemax/SA_DASH_cipix/Cinemax.mpd?dvr_window_length=30&token=WPKtsRxaVIVVwQg9qdj51FCs81CEtcDG&ck=eyJiNTViZWY2YTM5MmQ0ZGI2OTI3MWE0YjJmYTEwM2RlOSI6ImZmYjhlYmNlNDNlNTYxYjA2NjI5NGNmNzMzMjUxNDg0In0%3D
SPACE ,https://i.ibb.co/0pY4PNct/space.png,chrome-extension://opmeopcambhfimffbomjgemehjkbbmji/pages/player.html#https://anbalancer.express.com.ar/live/c1eds/Space_HD/SA_DASH_cipix/Space_HD.mpd?dvr_window_length=30&token=WPKtsRxaVIVVwQg9qdj51FCs81CEtcDG&ck=eyJhZjc3ZWY3M2JhYTM0OWZiYjA0MTY2NjIwNDE4YWIyMSI6ImVkNDM0N2Y0OTVmOWIyZDgzYWQ1MzZiNWI1ZTZjODg1In0%3D
AMC ,https://i.ibb.co/kkf3pWT/amc.png,chrome-extension://opmeopcambhfimffbomjgemehjkbbmji/pages/player.html#https://anbalancer.express.com.ar/live/c1eds/AMC/SA_DASH_cipix/AMC.mpd?dvr_window_length=30&token=WPKtsRxaVIVVwQg9qdj51FCs81CEtcDG&ck=eyI1NzJiYjA1ZTljMjM0MDg1YmYwYzBlZjA0NDBkYzcxNCI6ImVjNTQxMTgyNjFmMzg0ZGNhZGI4MGU0MWVmNGUzZTEzIn0%3D
AXN ,https://i.ibb.co/MxPgzRxb/axn.png,chrome-extension://opmeopcambhfimffbomjgemehjkbbmji/pages/player.html#https://anbalancer.express.com.ar/live/c1eds/AXN_HD/SA_DASH_cipix/AXN_HD.mpd?dvr_window_length=30&token=WPKtsRxaVIVVwQg9qdj51FCs81CEtcDG&ck=eyJjN2RjMjcyZThiNzc0MmIxOThjODhmZThiNTZkZmRmYyI6IjY1ZjQ0Yzk1OTEyMWIyNmMzYzlmNzllYWJhMGE3ODNmIn0%3D
DHE,http://imgfz.com/i/07SBYUA.png,chrome-extension://opmeopcambhfimffbomjgemehjkbbmji/pages/player.html#https://anbalancer.express.com.ar/live/c1eds/DHE_HD/SA_DASH_cipix/DHE_HD.mpd?dvr_window_length=30&token=WPKtsRxaVIVVwQg9qdj51FCs81CEtcDG&ck=eyI0NzcyOTZlMjhhN2Y0OTI2OGFiYzQ1Njg1YjhiNjlhMyI6IjQ1YjQ1MDhiYmYwYzAyYmY1MjMxMDQxNTdlMmNlZDgxIn0%3D
WARNER ,https://i.ibb.co/zH2d2Nkn/warner.png,chrome-extension://opmeopcambhfimffbomjgemehjkbbmji/pages/player.html#https://anbalancer.express.com.ar/live/c1eds/Warner_Channel_HD/SA_DASH_cipix/Warner_Channel_HD.mpd?dvr_window_length=30&token=WPKtsRxaVIVVwQg9qdj51FCs81CEtcDG&ck=eyI3MzhmNTZiMGYzODk0ZjAyYTM4OTczOGE4YzdmYjMwZCI6IjdmYmI4M2YzYjE2YzVhOThkZGQ3M2M5MmU2ODMzNzEyIn0%3D
STAR CHANNEL ,https://i.ibb.co/0R5W2kbs/star.png,chrome-extension://opmeopcambhfimffbomjgemehjkbbmji/pages/player.html#https://anbalancer.express.com.ar/live/c1eds/FOX_HD/SA_DASH_cipix/FOX_HD.mpd?dvr_window_length=30&token=WPKtsRxaVIVVwQg9qdj51FCs81CEtcDG&ck=eyJmMDA1OTgwMGJkYWI0MzUzYmI4NjUyMDA2Njc2ZDUwYyI6IjM4YTBlODAzMDQ2NTFiMDA5NDc2MWIyMjk0MTAyMmJkIn0%3D
STUDIO UNIVERSAL,https://i.ibb.co/MykGMvHP/studio.png,chrome-extension://opmeopcambhfimffbomjgemehjkbbmji/pages/player.html#https://anbalancer.express.com.ar/live/c1eds/Studio_Universal_HD/SA_DASH_cipix/Studio_Universal_HD.mpd?dvr_window_length=30&token=WPKtsRxaVIVVwQg9qdj51FCs81CEtcDG&ck=eyJmMWE3M2YwY2RlYTU0ZDcwOWM3NGRiMzJkMmEwNjIyOSI6IjlhOGFkMWRkY2ZlMmQyMGM1Nzg1MWZhMTIyZTAxZTM5In0%3D
SONY CHANNEL ,https://i.ibb.co/RGnqjj4t/sony.png,chrome-extension://opmeopcambhfimffbomjgemehjkbbmji/pages/player.html#https://anbalancer.express.com.ar/live/c1eds/Sony_HD/SA_DASH_cipix/Sony_HD.mpd?dvr_window_length=30&token=WPKtsRxaVIVVwQg9qdj51FCs81CEtcDG&ck=eyJkNTIxODY1Njc1MmI0NmMxOTRkYTU0MGQzYTFjY2ExMyI6Ijc5NDNiYWMwZDE2NjRmZGI3MjE0MGE4ZWU0Y2VhODE3In0%3D
PARAMOUNT,https://i.ibb.co/F41BChmw/paramount.png,chrome-extension://opmeopcambhfimffbomjgemehjkbbmji/pages/player.html#https://anbalancer.express.com.ar/live/c1eds/Paramount_HD/SA_DASH_cipix/Paramount_HD.mpd?dvr_window_length=30&token=WPKtsRxaVIVVwQg9qdj51FCs81CEtcDG&ck=eyIxMjBlNTEyYzY2Zjc0MGQwODc5Mjk1NTMwNzZjNTE0OCI6IjQxNWExYTRmY2E0MTZiZjZhYTZkN2EzNmJiNzU2OTQzIn0%3D
HBO,https://i.ibb.co/d0jzs7R4/hbo.png,chrome-extension://opmeopcambhfimffbomjgemehjkbbmji/pages/player.html#https://anbalancer.express.com.ar/live/c1eds/HBO_HD/SA_DASH_cipix/HBO_HD.mpd?dvr_window_length=30&token=WPKtsRxaVIVVwQg9qdj51FCs81CEtcDG&ck=eyI4ZDc1MWNiNTA3NGM0OTQ3YjIxZWIyNWY3N2NiMWVlYiI6ImJmYTM5N2YwNTZjMTQ5OTJlYTEwYzRkMDQ4YTE1NGFjIn0%3D
HBO 2,https://i.ibb.co/N277vfSp/hbo2.png,chrome-extension://opmeopcambhfimffbomjgemehjkbbmji/pages/player.html#https://anbalancer.express.com.ar/live/c1eds/HBO_2_HD/SA_DASH_cipix/HBO_2_HD.mpd?dvr_window_length=30&token=WPKtsRxaVIVVwQg9qdj51FCs81CEtcDG&ck=eyI5NGIyZDJmM2IzYzk0ZDVmYTIzNjQyNDYzMDdiM2JmMyI6IjNjODk5MDFlOWFhMjhmZDQ4OWU3NjI1OTllNTZmZGQ3In0%3D
HBO PLUS,https://i.ibb.co/1Y4zyNXb/hboplus.png,chrome-extension://opmeopcambhfimffbomjgemehjkbbmji/pages/player.html#https://anbalancer.express.com.ar/live/c1eds/HBO_PLUS_HD/SA_DASH_cipix/HBO_PLUS_HD.mpd?dvr_window_length=30&token=WPKtsRxaVIVVwQg9qdj51FCs81CEtcDG&ck=eyJhZjljZDI1NmIyM2Q0MDU4YjYwYmFmYWExMjI5YzRiYyI6IjYwMGNiZDczNzllOTk2NmViM2IwOGMyNTc1MzVjNmY5In0%3D
HBO FAMILY,https://i.ibb.co/GQzZy1bH/hbofam.png,chrome-extension://opmeopcambhfimffbomjgemehjkbbmji/pages/player.html#https://anbalancer.express.com.ar/live/c1eds/HBO_Family/SA_DASH_cipix/HBO_Family.mpd?dvr_window_length=30&token=WPKtsRxaVIVVwQg9qdj51FCs81CEtcDG&ck=eyI3YzdjNDQ5MTk3MDE0NTJjOTdhNjk0ZmJlNGE0ODlkMyI6ImQ4Y2NkODIzNDM4Mjk4MmM0YTg3ZjUwNjZiNjczNGE4In0%3D
HBO EXTREME,https://i.ibb.co/prRwy2fh/hboxtreme.png,chrome-extension://opmeopcambhfimffbomjgemehjkbbmji/pages/player.html#https://anbalancer.express.com.ar/live/c1eds/MAX_Prime_Panamerican/SA_DASH_cipix/MAX_Prime_Panamerican.mpd?dvr_window_length=30&token=WPKtsRxaVIVVwQg9qdj51FCs81CEtcDG&ck=eyI3YmNhZjczNzFjNjk0NWQ0ODAxNGJhOWExMDJkNTk2ZiI6IjY0ZWVjMzQxN2YyZDU2YTI1M2Y4MjRhNmMyMzljNjczIn0%3D
HBO MUNDI,https://i.ibb.co/NnFSdnSk/hbomundi.png,chrome-extension://opmeopcambhfimffbomjgemehjkbbmji/pages/player.html#https://anbalancer.express.com.ar/live/c1eds/MAX/SA_DASH_cipix/MAX.mpd?dvr_window_length=30&token=WPKtsRxaVIVVwQg9qdj51FCs81CEtcDG&ck=eyI3N2M3YzdjZWU4Njg0Y2JkYTAxYTljZTgwYjcwOGZmMSI6IjkwNzgxNzg2MWVkZGJlOTg0MzRkMjc2NjkzMDI4YzFjIn0%3D
HBO POP,https://i.ibb.co/9m70sd5S/hbopop.png,chrome-extension://opmeopcambhfimffbomjgemehjkbbmji/pages/player.html#https://anbalancer.express.com.ar/live/c1eds/MAX_UP_HD/SA_DASH_cipix/MAX_UP_HD.mpd?dvr_window_length=30&token=WPKtsRxaVIVVwQg9qdj51FCs81CEtcDG&ck=eyJlNmY2ZTNmZjU1ODM0ZjM5YjQ3OTkzNTAzNDY5NjE2MiI6IjEyMWZjY2Y0M2Y4ZDYwYWIyMWQ4NTNkMTRiZGZkMWY4In0%3D
HBO SIGNATURE,https://i.ibb.co/R4zk63Zb/hbosig.png,chrome-extension://opmeopcambhfimffbomjgemehjkbbmji/pages/player.html#https://anbalancer.express.com.ar/live/c1eds/HBO_Signature/SA_DASH_cipix/HBO_Signature.mpd?dvr_window_length=30&token=WPKtsRxaVIVVwQg9qdj51FCs81CEtcDG&ck=eyJhMzY0OTNlMGUyYzE0NjQ3YWI2NmJjNzliYWM5MmExZCI6Ijg4YWQwY2FhY2EyMTk0MWU4YzU1NTBlODQ2MTNhZjY0In0%3D
UNIVERSAL TV,https://i.ibb.co/VYXzbNFW/universal.png,chrome-extension://opmeopcambhfimffbomjgemehjkbbmji/pages/player.html#https://anbalancer.express.com.ar/live/c1eds/Universal_Channel_HD/SA_DASH_cipix/Universal_Channel_HD.mpd?dvr_window_length=30&token=WPKtsRxaVIVVwQg9qdj51FCs81CEtcDG&ck=eyJkOGMwNTExOGYwNjM0ZmE2YjdhOGM2OTkwMjExMGJiYyI6IjdhMDdmM2UzNGQ2ZmE3Njk5MzkwYzY4N2I4MWU1NTM2In0%3D
UNIVERSAL CINEMA,https://i.ibb.co/TxhGT94q/universalcinema.png,chrome-extension://opmeopcambhfimffbomjgemehjkbbmji/pages/player.html#https://anbalancer.express.com.ar/live/c1eds/Universal_Cinema_HD/SA_DASH_cipix/Universal_Cinema_HD.mpd?dvr_window_length=30&token=WPKtsRxaVIVVwQg9qdj51FCs81CEtcDG&ck=eyIxOGY1ZThkNzNiN2E0ODY2YWQzODFkMjQxNTNjYzBlZCI6IjNhNDlmM2Q2OTc2ZDRiNDgyNTBjMTE0ZTliNTUwMDJkIn0%3D
UNIVERSAL CRIME,https://i.ibb.co/spKxth1r/universalcrime.png,chrome-extension://opmeopcambhfimffbomjgemehjkbbmji/pages/player.html#https://anbalancer.express.com.ar/live/c1eds/Universal_Crime_HD/SA_DASH_cipix/Universal_Crime_HD.mpd?dvr_window_length=30&token=WPKtsRxaVIVVwQg9qdj51FCs81CEtcDG&ck=eyI4MDIyN2QwOTI1ZDQ0YTNlOGUwNWNiZDZhN2M5NjM3NSI6Ijc4NWU1ZDgyNjQzYTY4OGVkOTM1NTQ3ODY0NjI5ZWU2In0%3D
UNIVERSAL COMEDY,https://i.ibb.co/20DwyJJ2/universalcomedy.png,chrome-extension://opmeopcambhfimffbomjgemehjkbbmji/pages/player.html#https://anbalancer.express.com.ar/live/c1eds/Universal_Comedy_HD/SA_DASH_cipix/Universal_Comedy_HD.mpd?dvr_window_length=30&token=WPKtsRxaVIVVwQg9qdj51FCs81CEtcDG&ck=eyIyMWI2NzJjNGI3ZTA0MjFjOWVhYTEzN2M4MWJjOTQ4NSI6IjZlMTBlMDQ3YmVjNmM4MzAxNGZiYzc1MmQxNjcwYzg3In0%3D
UNIVERSAL REALITY,https://i.ibb.co/3yGzcm37/universalreality.png,chrome-extension://opmeopcambhfimffbomjgemehjkbbmji/pages/player.html#https://anbalancer.express.com.ar/live/c1eds/Universal_Reality_HD/SA_DASH_cipix/Universal_Reality_HD.mpd?dvr_window_length=30&token=WPKtsRxaVIVVwQg9qdj51FCs81CEtcDG&ck=eyJiYjk1NWUzNWU3ODQ0OTY5OTZjMjQyNmUyMTk5M2FkMSI6Ijc4NjM1NzM1YzZjMmI1ODgwMTcwOGY4OTcxM2UxOTRmIn0%3D
UNIVERSAL PREMIER,https://i.ibb.co/P8b80dN/universalpremiere.png,chrome-extension://opmeopcambhfimffbomjgemehjkbbmji/pages/player.html#https://anbalancer.express.com.ar/live/c1eds/Universal_Premiere_HD/SA_DASH_cipix/Universal_Premiere_HD.mpd?dvr_window_length=30&token=WPKtsRxaVIVVwQg9qdj51FCs81CEtcDG&ck=eyJlMzEzZjZkOTg5ZWY0NjY3ODk1ZThhZDlkODY3M2I0OCI6IjkwODg0NDNlMWJlMmI5ZGFiMzliMGFhM2JhM2U4ZmExIn0%3D
TNT NOVELAS,https://i.ibb.co/MDJ2YZ2X/tntnovelas.png,chrome-extension://opmeopcambhfimffbomjgemehjkbbmji/pages/player.html#https://anbalancer.express.com.ar/live/c1eds/TBS/SA_DASH_cipix/TBS.mpd?dvr_window_length=30&token=WPKtsRxaVIVVwQg9qdj51FCs81CEtcDG&ck=eyIwODkyZWJmYWM5ZjA0ZTg2OTVmMzBiMGM4MWNiNzBkMSI6ImI5YTliZTIyYmU2N2JhN2Y5NDc2MGVhYTkxYWM3ZTcwIn0%3D
NATIONAL GEOGRAPHIC,https://i.ibb.co/nMPmZGrb/national.png,chrome-extension://opmeopcambhfimffbomjgemehjkbbmji/pages/player.html#https://anbalancer.express.com.ar/live/c1eds/NatGeo/SA_DASH_cipix/NatGeo.mpd?dvr_window_length=30&token=WPKtsRxaVIVVwQg9qdj51FCs81CEtcDG&ck=eyI1NTA5OWQ1NjMwNWY0NTc5YjRjZjMxODJhOTE3YTMzMCI6IjQ0YzRhZGIwYTZjNzE2MTg4NzgyYjg4NWVmZmJkMDk3In0%3D
HISTORY,https://i.ibb.co/r2Vj7LHz/history.png,chrome-extension://opmeopcambhfimffbomjgemehjkbbmji/pages/player.html#https://anbalancer.express.com.ar/live/c1eds/History_Channel_HD/SA_DASH_cipix/History_Channel_HD.mpd?dvr_window_length=30&token=WPKtsRxaVIVVwQg9qdj51FCs81CEtcDG&ck=eyI5ZGVmMjVlMzA2ZmM0YzJkOWJlODUxZjIwYTMzMmVkOSI6IjY5MDc2NTRhMTQ4OWE1MDZhYzI4NDZhNTEyYjgzZTUyIn0%3D
HISTORY 2,https://i.ibb.co/v49rykGQ/history2.png,chrome-extension://opmeopcambhfimffbomjgemehjkbbmji/pages/player.html#https://anbalancer.express.com.ar/live/c1eds/H2/SA_DASH_cipix/H2.mpd?dvr_window_length=30&token=WPKtsRxaVIVVwQg9qdj51FCs81CEtcDG&ck=eyI4NzRhM2YxZjViOWU0NGNhYWY5MmJlZjJmMWU0NmViNiI6Ijk0ZTEwNzhkY2NjZDhhM2Q3Y2MyYjlmNmJiMzc3YjdhIn0%3D
DISCOVERY CHANNEL,https://i.ibb.co/qFJ0rtzq/discoverychannel.png,chrome-extension://opmeopcambhfimffbomjgemehjkbbmji/pages/player.html#https://anbalancer.express.com.ar/live/c1eds/Discovery_Channel_HD/SA_DASH_cipix/Discovery_Channel_HD.mpd?dvr_window_length=30&token=WPKtsRxaVIVVwQg9qdj51FCs81CEtcDG&ck=eyJjYjI3NDE4ZDEzYTc0YzAwODNmMmJmZTIwN2U5ZTc3MCI6IjMwMjYyZjI2MGFmM2U5ODgwN2MzNWYzZTYxNjU3ZGIyIn0%3D
DISCOVERY ID,https://i.ibb.co/HSJNqqz/discoveryid.png,chrome-extension://opmeopcambhfimffbomjgemehjkbbmji/pages/player.html#https://anbalancer.express.com.ar/live/c1eds/ID_HD/SA_DASH_cipix/ID_HD.mpd?dvr_window_length=30&token=WPKtsRxaVIVVwQg9qdj51FCs81CEtcDG&ck=eyI2ZTMyZDI1ZDcxYTI0NWY1OTQ0NDQ2NDkyZTNkZjkzOCI6IjJjNzEwYzA1NDEwMmEyODczYjEwNDFmMjg0YWQ3OWE1In0%3D
DISCOVERY H&H,https://i.ibb.co/G3MLXC53/discoveryhh.png,chrome-extension://opmeopcambhfimffbomjgemehjkbbmji/pages/player.html#https://anbalancer.express.com.ar/live/c1eds/DIscovery_H_H_HD/SA_DASH_cipix/DIscovery_H_H_HD.mpd?dvr_window_length=30&token=WPKtsRxaVIVVwQg9qdj51FCs81CEtcDG&ck=eyI4ZmVkYzkxZGYzZDE0NTlhYWQ0MDMzYTk2YWM2NmJhMiI6ImExMTNjM2E4ZmI4ZjViNmI2ODZjZDI5OGYzMTkzMjk0In0%3D
DISCOVERY SCIENCE,https://i.ibb.co/9k7SwLJJ/discovery-SCIENCE.png,chrome-extension://opmeopcambhfimffbomjgemehjkbbmji/pages/player.html#https://anbalancer.express.com.ar/live/c1eds/DIscovery_Science/SA_DASH_cipix/DIscovery_Science.mpd?dvr_window_length=30&token=WPKtsRxaVIVVwQg9qdj51FCs81CEtcDG&ck=eyJlMzcyYmNkYjNmNTE0ZWFhOTI3NDZjMGMwYTA0N2E3YiI6ImQ0ZWIwNWYyNjBiYzVkY2U2NWZmMGY4NzU0MGZiMDI5In0%3D
DISCOVERY THEATER,https://i.ibb.co/0jVC0BZ7/discoverytheater.png,chrome-extension://opmeopcambhfimffbomjgemehjkbbmji/pages/player.html#https://anbalancer.express.com.ar/live/c1eds/Discovery_Theater_HD/SA_DASH_cipix/Discovery_Theater_HD.mpd?dvr_window_length=30&token=WPKtsRxaVIVVwQg9qdj51FCs81CEtcDG&ck=eyIwYjQ4YWQwNmFmNDQ0NDMyYmQ0YmE5NDVkNDk3ZDZhNCI6IjZmNjg4YzQ4MTRlY2E4NzYwMmM2NzI1YTgyMTczMjQwIn0%3D
DISCOVERY WORLD,https://i.ibb.co/tSjHJHN/discoveworld.png,chrome-extension://opmeopcambhfimffbomjgemehjkbbmji/pages/player.html#https://anbalancer.express.com.ar/live/c1eds/World_HD/SA_DASH_cipix/World_HD.mpd?dvr_window_length=30&token=WPKtsRxaVIVVwQg9qdj51FCs81CEtcDG&ck=eyJmNjViYzI4ZDNjMGQ0MmYxODNkMTFlNTZjYmEyODVlOCI6IjhmYmMxNTAyYmVkMjg0ZmYwMTljMTdmZjllZjhmNzhkIn0%3D
TLC,https://i.ibb.co/Fk2C1nhh/tlc.png,chrome-extension://opmeopcambhfimffbomjgemehjkbbmji/pages/player.html#https://anbalancer.express.com.ar/live/c1eds/TLC/SA_DASH_cipix/TLC.mpd?dvr_window_length=30&token=WPKtsRxaVIVVwQg9qdj51FCs81CEtcDG&ck=eyJjNmViYTkyMTY3ZmQ0MjgzODU4OTRjNmYxZTgwNTM4OSI6IjA4NGI0OGNkOTNjYWQzZDBlODllM2RjMThmNWNiY2Q0In0%3D
ANIMAL PLANET,https://i.ibb.co/LDr03Vmz/animal.png,chrome-extension://opmeopcambhfimffbomjgemehjkbbmji/pages/player.html#https://anbalancer.express.com.ar/live/c1eds/Animal_Planet_HD/SA_DASH_cipix/Animal_Planet_HD.mpd?dvr_window_length=30&token=WPKtsRxaVIVVwQg9qdj51FCs81CEtcDG&ck=eyIxZDkwNzEwNDkxMjU0MTExYjUxODcwZDE2MmU4MTZmMCI6ImQzYWI4NTZlMTMxNzM1OTY1YzMzMTU1MDg3ZWE5NjQ4In0%3D
LOVENATURE,https://i.ibb.co/gL0z6wnW/lovenature.png,chrome-extension://opmeopcambhfimffbomjgemehjkbbmji/pages/player.html#https://anbalancer.express.com.ar/live/c1eds/Love_Nature_HD/SA_DASH_cipix/Love_Nature_HD.mpd?dvr_window_length=30&token=WPKtsRxaVIVVwQg9qdj51FCs81CEtcDG&ck=eyJmZTRhNjAzNmExNzI0NGUwOThmY2UzMjA3Y2ViOGI1MyI6ImViODQwN2ZlNDRkMmE0NDBmMWNlNWNjY2M3YTBmYmRkIn0%3D
LIFETIME,https://i.ibb.co/Xn35HBW/lifetime.png,chrome-extension://opmeopcambhfimffbomjgemehjkbbmji/pages/player.html#https://anbalancer.express.com.ar/live/c1eds/Lifetime_HD/SA_DASH_cipix/Lifetime_HD.mpd?dvr_window_length=30&token=WPKtsRxaVIVVwQg9qdj51FCs81CEtcDG&ck=eyI2NjI2MmMwMWIzMmE0ZTJkYTU3MWI5Mzc2MWY1Njg5YSI6IjNlZTY1OTZiMTZmZDI5OTkzMWQxMmM3ZDZjYjYwZTI2In0%3D
HGTV,https://i.ibb.co/qYWXy9yZ/Homegarden.png,chrome-extension://opmeopcambhfimffbomjgemehjkbbmji/pages/player.html#https://anbalancer.express.com.ar/live/c1eds/Discovery_Civilization/SA_DASH_cipix/Discovery_Civilization.mpd?dvr_window_length=30&token=WPKtsRxaVIVVwQg9qdj51FCs81CEtcDG&ck=eyIxMjUzMzkwZDJkNjg0YzEyYmIwMDhiMWYwNGQ2NTFlMyI6IjhkMWExMjczZjAxNTJhOWFhMTAzZGUyN2Q1ODdhNjA0In0%3D
NICK JUNIOR,https://i.ibb.co/kVYHfCvB/nickj.png,chrome-extension://opmeopcambhfimffbomjgemehjkbbmji/pages/player.html#https://anbalancer.express.com.ar/live/c1eds/Nick_Junior/SA_DASH_cipix/Nick_Junior.mpd?dvr_window_length=30&token=WPKtsRxaVIVVwQg9qdj51FCs81CEtcDG&ck=eyJkYWVlOGJiZDk5MDE0YmE5OTM1ZWIzNzIzMGNhYjZiMiI6IjExYzA5MWRmNDU2ZTE0ZmIyOGYxYzYxMzZkMWM5NzEzIn0%3D
NICKELODEON,https://i.ibb.co/7dtNstf3/nick.png,chrome-extension://opmeopcambhfimffbomjgemehjkbbmji/pages/player.html#https://anbalancer.express.com.ar/live/c1eds/Nickelodeon/SA_DASH_cipix/Nickelodeon.mpd?dvr_window_length=30&token=WPKtsRxaVIVVwQg9qdj51FCs81CEtcDG&ck=eyJlMmIyYjZkMWFkYjE0MzdlYmEyZGYzYzA0ZTljMTczNCI6IjQ3ZDM1MGJjNTc3ZDY5Y2Q4MTA3MTkxMzI1NWZiMWRiIn0%3D
DISCOVERY KIDS,https://i.ibb.co/3yChMPqk/discoverykids.png,chrome-extension://opmeopcambhfimffbomjgemehjkbbmji/pages/player.html#https://anbalancer.express.com.ar/live/c1eds/Discovery_Kids_HD/SA_DASH_cipix/Discovery_Kids_HD.mpd?dvr_window_length=30&token=WPKtsRxaVIVVwQg9qdj51FCs81CEtcDG&ck=eyI3NDgzZjAxNGYwZGE0NGU1YWFjZjJmNzkwN2UwZWRhZiI6ImUxOWI4NmUyMDA1NjAyYTY5ODRmYTU1ZmQ3ZmE0MTdlIn0%3D
DISNEY JUNIOR,https://i.ibb.co/6cVFX1Hg/disneyjunior.png,chrome-extension://opmeopcambhfimffbomjgemehjkbbmji/pages/player.html#https://anbalancer.express.com.ar/live/c1eds/Disney_Junior/SA_DASH_cipix/Disney_Junior.mpd?dvr_window_length=30&token=WPKtsRxaVIVVwQg9qdj51FCs81CEtcDG&ck=eyJhNjFmMGNiNGNjNmQ0OGI2YTFmYmMyZDVkMjgwNzRiYSI6IjdhOGU2ZWQ3YmVkZjM3ODQ0ZTVhZjU1Y2QxMTI0YTVhIn0%3D
CARTOONITO,https://i.ibb.co/Dg48LSv6/cartoonito.png,chrome-extension://opmeopcambhfimffbomjgemehjkbbmji/pages/player.html#https://anbalancer.express.com.ar/live/c1eds/Boomerang/SA_DASH_cipix/Boomerang.mpd?dvr_window_length=30&token=WPKtsRxaVIVVwQg9qdj51FCs81CEtcDG&ck=eyI0MWFiNDU5ZThmM2E0Zjk2YWI2MDAyYjNlNjg0ZTYzNyI6IjZiMDU4NDVkNmYzYjY2MGIxYTRkMzk3NmZhOGEzN2U0In0%3D
CARTOON NETWORK,https://i.ibb.co/mrqRVxXV/cartoonnetwork.png,chrome-extension://opmeopcambhfimffbomjgemehjkbbmji/pages/player.html#https://anbalancer.express.com.ar/live/c1eds/Cartoon_Networks_HD/SA_DASH_cipix/Cartoon_Networks_HD.mpd?dvr_window_length=30&token=WPKtsRxaVIVVwQg9qdj51FCs81CEtcDG&ck=eyI4NTA1YmNjNzY4NmQ0OTE3ODViZjMzMGZhZDBiZTA1NSI6ImFmODY3ZWIzM2I5MGVjMGYzOWM0NzJmZjRlN2IyNTNlIn0%3D
TOONCAST,https://i.ibb.co/1fPR4Csy/tooncast.png,chrome-extension://opmeopcambhfimffbomjgemehjkbbmji/pages/player.html#https://anbalancer.express.com.ar/live/c1eds/Tooncast/SA_DASH_cipix/Tooncast.mpd?dvr_window_length=30&token=WPKtsRxaVIVVwQg9qdj51FCs81CEtcDG&ck=eyJiOTJhMzQ5NjY3NjM0ZjZiOGY4MGE1YTY4ZDE4OGQ1NiI6IjUwYzAzZjEwZmJjOGZhZjE1ZjUxMTIwMjAwYzQ2M2YyIn0%3D
ADULT SWIM,https://i.ibb.co/39d5PLhG/adult-swim-2x.png,chrome-extension://opmeopcambhfimffbomjgemehjkbbmji/pages/player.html#https://anbalancer.express.com.ar/live/c1eds/TruTV_HD/SA_DASH_cipix/TruTV_HD.mpd?dvr_window_length=30&token=WPKtsRxaVIVVwQg9qdj51FCs81CEtcDG&ck=eyJlN2E4NzhkMzkyOTE0MWFjYTFkMjA4ZjBlNjdhY2U2MyI6IjgwMmQ5N2E2ZDdhZWY0MGUyZTEwZjUxYmNhNDY2OWIyIn0%3D
EURO CHANNEL,https://i.ibb.co/XrymtnSL/euro.png,chrome-extension://opmeopcambhfimffbomjgemehjkbbmji/pages/player.html#https://anbalancer.express.com.ar/live/c1eds/Eurochannel/SA_DASH_cipix/Eurochannel.mpd?dvr_window_length=30&token=WPKtsRxaVIVVwQg9qdj51FCs81CEtcDG&ck=eyI4NWYyMDk0YzRiNjY0YzBjYWNjYjhiMGI4MWIzN2IyNyI6ImViMjk1ZTI3NWY3NDY0YmQyM2FhMDM2OTAwMzA4NzA2In0%3D
EUROPA EUROPA,https://i.ibb.co/rK3hDjrk/europa.png,chrome-extension://opmeopcambhfimffbomjgemehjkbbmji/pages/player.html#https://anbalancer.express.com.ar/live/c1eds/Europa_Europa/SA_DASH_cipix/Europa_Europa.mpd?dvr_window_length=30&token=WPKtsRxaVIVVwQg9qdj51FCs81CEtcDG&ck=eyIyMWVhYjc5NDY3ODE0ZjgyOTU3ZGNhZWU1YjhhOTQxOCI6ImI1NWY2YjIwMzEwZjVjNTc2ZWE2MGViYzlhNzZkZDMwIn0%3D
A&E,https://i.ibb.co/60TxrS6T/ae.png,chrome-extension://opmeopcambhfimffbomjgemehjkbbmji/pages/player.html#https://anbalancer.express.com.ar/live/c1eds/AE_Mundo_HD/SA_DASH_cipix/AE_Mundo_HD.mpd?dvr_window_length=30&token=WPKtsRxaVIVVwQg9qdj51FCs81CEtcDG&ck=eyI0MzBlMjVmMzYxYjg0MTRlYjYzOTg4MmY5ZDI2NzM0OCI6IjEzNGY4NTEyYzc2MDUwZTBkNThhZDU4Nzg5N2U5Nzg3In0%3D
MTV,https://i.ibb.co/21hVFLX2/mtv.png,chrome-extension://opmeopcambhfimffbomjgemehjkbbmji/pages/player.html#https://anbalancer.express.com.ar/live/c1eds/MTV/SA_DASH_cipix/MTV.mpd?dvr_window_length=30&token=WPKtsRxaVIVVwQg9qdj51FCs81CEtcDG&ck=eyI2NWNkMWIzZmUwODI0YWMyODk5ZWQ3MjU0NGM4MjVkZSI6IjcyNTM3YzBhNzM5MjBjNTVlYzViNzY2NGQzNWQ1YmFiIn0%3D
TYC SPORTS,https://i.ibb.co/RGYdncmw/tyc.png,chrome-extension://opmeopcambhfimffbomjgemehjkbbmji/pages/player.html#https://anbalancer.express.com.ar/live/c1eds/TyC_HD/SA_DASH_cipix/TyC_HD.mpd?dvr_window_length=30&token=WPKtsRxaVIVVwQg9qdj51FCs81CEtcDG&ck=eyI2M2U2YjBkYjY2NDM0NTU2YTIzYzg1NWJkNWI2ZTdkMiI6IjRjNGYwMjg2NjQ3OTYzYWVjMDVjMTVkZjFiYTUxMjI0In0%3D
TYC SPORTS INTERNACIONAL,https://i.ibb.co/3YyrZr4R/tycsportsinternacional.png,chrome-extension://opmeopcambhfimffbomjgemehjkbbmji/pages/player.html#https://anbalancer.express.com.ar/live/c1eds/TyC_Sports_2/SA_DASH_cipix/TyC_Sports_2.mpd?dvr_window_length=30&token=WPKtsRxaVIVVwQg9qdj51FCs81CEtcDG&ck=eyJlMjYwNmNhZmZiYTg0NDFiODc2OGIwOGFiMDFkM2VhMSI6IjIwNzliMWU5YWRiMDZmYTEzMjQ0NGViMWNkYzZlYmQ0In0%3D
TNT Sports,https://i.ibb.co/7tc9SbVN/tntsports.png,chrome-extension://opmeopcambhfimffbomjgemehjkbbmji/pages/player.html#https://anbalancer.express.com.ar/live/c1eds/TNT_Sports_HD/SA_DASH_cipix/TNT_Sports_HD.mpd?dvr_window_length=30&token=WPKtsRxaVIVVwQg9qdj51FCs81CEtcDG&ck=eyI5NDI4ZGUyZDcwNzU0MzZmODJiMDQ0ZGI5MWQ5MjhhZSI6ImMxYzE4ZWVjYjkwNjE3OTMxOGU5N2VlM2VhY2E2YmZiIn0%3D
ESPN,https://i.ibb.co/jvyXYY7g/espn.png,chrome-extension://opmeopcambhfimffbomjgemehjkbbmji/pages/player.html#https://anbalancer.express.com.ar/live/c1eds/ESPN_HD/SA_DASH_cipix/ESPN_HD.mpd?dvr_window_length=30&token=WPKtsRxaVIVVwQg9qdj51FCs81CEtcDG&ck=eyI1NmYxMmJmOGFkMWI0N2Y5OWJiOTJkZWFlMjE2NWQ1NCI6IjVjNGQwMzA2YzRjNDUwNTQxNjk1MzFkY2M3NWNiOGI3In0%3D
ESPN 2,https://i.ibb.co/XZczThYn/espn2.png,chrome-extension://opmeopcambhfimffbomjgemehjkbbmji/pages/player.html#https://anbalancer.express.com.ar/live/c1eds/ESPN_2_HD/SA_DASH_cipix/ESPN_2_HD.mpd?dvr_window_length=30&token=WPKtsRxaVIVVwQg9qdj51FCs81CEtcDG&ck=eyI4MzY4NjVjNjFlYjE0YjY5YjllNWY0NGYxYzNjNjk0NiI6IjQ0ZTkwN2NlMGFlZTk1YzYyZWNiMTQxMzE0ZWQ0YWQ1In0%3D
ESPN 3,https://i.ibb.co/KpbrCygx/espn3.png,chrome-extension://opmeopcambhfimffbomjgemehjkbbmji/pages/player.html#https://anbalancer.express.com.ar/live/c1eds/ESPN_3_HD/SA_DASH_cipix/ESPN_3_HD.mpd?dvr_window_length=30&token=WPKtsRxaVIVVwQg9qdj51FCs81CEtcDG&ck=eyJjNDdjN2I0NTdiYTA0NjczOGYxMTI1NjdmZWRlYzY2MSI6ImZiOGQxYWUwZWUyMzdkNDQxNDQ5YjI3YmRiZWJlYWE5In0%3D
ESPN 4,https://i.ibb.co/GXxpRng/espn4.png,chrome-extension://opmeopcambhfimffbomjgemehjkbbmji/pages/player.html#https://anbalancer.express.com.ar/live/c1eds/ESPNp_HD/SA_DASH_cipix/ESPNp_HD.mpd?dvr_window_length=30&token=WPKtsRxaVIVVwQg9qdj51FCs81CEtcDG&ck=eyJhODA4MmZjNDY2ZjI0NmRhODAyMTJkNzkzZmQ5NWVhZiI6IjM4M2I5ZjEyZjZiYjVhYTRjNTA4NmEyYjc2YTJlOGM4In0%3D
ESPN PREMIUM,https://i.ibb.co/BK5Cxxk0/espn-premium.png,chrome-extension://opmeopcambhfimffbomjgemehjkbbmji/pages/player.html#https://anbalancer.express.com.ar/live/c1eds/Fox_Sports_Premium_HD/SA_DASH_cipix/Fox_Sports_Premium_HD.mpd?dvr_window_length=30&token=WPKtsRxaVIVVwQg9qdj51FCs81CEtcDG&ck=eyI0ZDY0OWJiNTVjNGM0NjAyOGI4NWJiYjQxNTUwY2I1OSI6ImVkNmRhOWIxZmY4ZGE5NGE0ZmRjMWExNDYxMDQ4NjIyIn0%3D
FOX SPORTS,https://i.ibb.co/3YmdSCr4/fox-sports.png,chrome-extension://opmeopcambhfimffbomjgemehjkbbmji/pages/player.html#https://anbalancer.express.com.ar/live/c1eds/FOX_SPORTS_HD/SA_DASH_cipix/FOX_SPORTS_HD.mpd?dvr_window_length=30&token=WPKtsRxaVIVVwQg9qdj51FCs81CEtcDG&ck=eyI5MGZkMDIyNTI1M2E0MmM4OWUzNmQ0YmM1YTAwNzQ5OCI6ImNhZWJmZDFlMDc4ZjEzMTVmOWU2NmZmOTg1NDRjMTI1In0%3D
FOX SPORTS 2,https://i.ibb.co/spgZgBGG/foxsports2.png,chrome-extension://opmeopcambhfimffbomjgemehjkbbmji/pages/player.html#https://anbalancer.express.com.ar/live/c1eds/Fox_Sports_2_HD/SA_DASH_cipix/Fox_Sports_2_HD.mpd?dvr_window_length=30&token=WPKtsRxaVIVVwQg9qdj51FCs81CEtcDG&ck=eyIwODY1ZTNkMDIxOTc0M2E2OTAzMDg3YTYxZTY4OTEyZSI6IjhjMzE5YjQxNzI5ZDA2Mzc4NDBiOTg3ZTEwN2RlNDZlIn0%3D
FOX SPORTS 3,https://i.ibb.co/wZxBLVsC/foxsports3.png,chrome-extension://opmeopcambhfimffbomjgemehjkbbmji/pages/player.html#https://anbalancer.express.com.ar/live/c1eds/Fox_Sports_3_HD/SA_DASH_cipix/Fox_Sports_3_HD.mpd?dvr_window_length=30&token=WPKtsRxaVIVVwQg9qdj51FCs81CEtcDG&ck=eyI4NzhkZjQxMDg1ZTI0OTVhYjE3ZGZmNTM4YTQ2MTBjNSI6IjFjZjI4MGI0ZmE1M2JhMWM5YWExOTUyMjI3NzhhMjFjIn0%3D
