A24 ,a24.png,https://nebunexa.co/extencion.html?get=QW1lcmljYTI0&lang=1&start=true
C5N ,c5n.png,https://nebunexa.co/extencion.html?get=QzVO&lang=1&start=true
CRONICA TV ,cronica.png,https://nebunexa.co/extencion.html?get=Q3JvbmljYVRW&lang=1&start=true
CANAL 26 ,canal26.png,https://nebunexa.co/extencion.html?get=MjZfVFZfSEQ&lang=1&start=true
LA NACION,ln.png,https://nebunexa.co/extencion.html?get=TGFfTmFjaW9u&lang=1&start=true
TN,tn.png,https://nebunexa.co/extencion.html?get=VG9kb05vdGljaWFz&lang=1&start=true
AMERICA TV ,america.png,https://nebunexa.co/extencion.html?get=QW1lcmljYVRW&lang=1&start=true
TELEFE ,telefe.png,https://nebunexa.co/extencion.html?get=VGVsZWZlSEQ=&lang=1&start=true
TV PUBLICA ,tvpublica.png,https://nebunexa.co/extencion.html?get=Q2FuYWw3&lang=1&start=true
EL TRECE ,eltrece.png,https://nebunexa.co/extencion.html?get=QXJ0ZWFySEQ&lang=1&start=true
EL NUEVE ,nueve.png,https://nebunexa.co/extencion.html?get=Q2FuYWw5&lang=1&start=true
ENCUENTRO ,encuentro.png ,https://nebunexa.co/extencion.html?get=RW5jdWVudHJv&lang=1&start=true
CIUDAD MAGAZINE,ciudad.png,https://nebunexa.co/extencion.html?get=TWFnYXppbmU=&lang=1&start=true
VOLVER,volver.png,https://nebunexa.co/extencion.html?get=Vm9sdmVy&lang=1&start=true
CANAL DE LA CIUDAD  ,canalciudad.png,https://nebunexa.co/extencion.html?get=Q2FuYWxfZGVfbGFfY2l1ZGFk&lang=1&start=true
METRO ,metro.png,https://nebunexa.co/extencion.html?get=TWV0cm8&lang=1&start=true
ARGENTINISIMA ,arsat.png,https://nebunexa.co/extencion.html?get=QXJnZW50aW5pc2ltYQ&lang=1&start=true
BRAVO TV ,bravotv.png,https://nebunexa.co/extencion.html?get=QnJhdm9UVg==&lang=1&start=true
TV CIUDAD ,tv-ciudad.png,https://nebunexa.co/extencion.html?get=VGV2ZV9DaXVkYWQ=&lang=1&start=true
EL DOCE ,12cordoba.png,https://nebunexa.co/extencion.html?get=Q2FuYWxfMTJfQ0JB&lang=1&start=true
TNT ,tnt.png,https://nebunexa.co/extencion.html?get=VE5UX0hEX0FyZw==&lang=1&start=true
TNT SERIES ,tntseries.png,https://nebunexa.co/extencion.html?get=VE5UU2VyaWVz&lang=1&start=true
CINECANAL ,cinecanal.png,https://nebunexa.co/extencion.html?get=Q2luZWNhbmFsSEQ=&lang=1&start=true
CINEMAX ,cinemax.png,https://nebunexa.co/extencion.html?get=Q2luZW1heA==&lang=1&start=true
SPACE ,space.png,https://nebunexa.co/extencion.html?get=U3BhY2U=&lang=1&start=true
AMC ,amc.png,https://nebunexa.co/extencion.html?get=QU1D&lang=1&start=true
AXN ,axn.png,https://nebunexa.co/extencion.html?get=QVhOSEQ=&lang=1&start=true
FX ,fx.png,https://nebunexa.co/extencion.html?get=RlhIRA==&lang=1&start=true
WARNER ,warner.png,https://nebunexa.co/extencion.html?get=V2FybmVySEQ=&lang=1&start=true
STAR CHANNEL ,star.png,https://nebunexa.co/extencion.html?get=Rk9YSEQ=&lang=1&start=true
UNIVERSAL STUDIO,studio.png,https://nebunexa.co/extencion.html?get=U3R1ZGlvX1VuaXZlcnNhbA==&lang=1&start=true
SONY CHANNEL ,sony.png,https://nebunexa.co/extencion.html?get=U29ueUhE&lang=1&start=true
TCM ,tcm.png,https://nebunexa.co/extencion.html?get=VENN&lang=1&start=true
CINEAR,cinear.png,https://nebunexa.co/extencion.html?get=SU5DQUFfVHY=&lang=1&start=true
COMEDY CENTRAL,comedy central.png,https://nebunexa.co/extencion.html?get=Q29tZWR5Q2VudHJhbA&lang=1&start=true&start=true
PARAMOUNT,paramount.png,https://nebunexa.co/extencion.html?get=UGFyYW1vdW50&lang=1&start=true
HBO,hbo.png,https://nebunexa.co/extencion.html?get=SEJPSEQ=&lang=1&start=true
HBO 2,hbo2.png,https://nebunexa.co/extencion.html?get=SEJPXzI=&lang=1&start=true
HBO PLUS,hboplus.png,https://nebunexa.co/extencion.html?get=SEJPX1BsdXM=&lang=1&start=true
HBO FAMILY,hbofam.png,https://nebunexa.co/extencion.html?get=SEJPX0ZhbWlseQ==&lang=1&start=true
HBO EXTREME,hboxtreme.png,https://nebunexa.co/extencion.html?get=SEJPX0V4dHJlbWU=&lang=1&start=true
HBO MUNDI,hbomundi.png,https://nebunexa.co/extencion.html?get=SEJPX011bmRp&lang=1&start=true
HBO POP,hbopop.png,https://nebunexa.co/extencion.html?get=SEJPX1BPUA==&lang=1&start=true
HBO SIGNATURE,hbosig.png,https://nebunexa.co/extencion.html?get=SEJPX1NpZ25hdHVyZQ==&lang=1&start=true
UNIVERSAL CINEMA,universalcinema.png,https://nebunexa.co/extencion.html?get=VW5pdmVyc2FsX0NpbmVtYQ==&lang=1&start=true
UNIVERSAL CRIME,universalcrime.png,https://nebunexa.co/extencion.html?get=dW5pdmVyc2FsX0NyaW1l&lang=1&start=true
UNIVERSAL COMEDY,universalcomedy.png,https://nebunexa.co/extencion.html?get=VW5pdmVyc2FsX0NvbWVkeQ==&lang=1&start=true
UNIVERSAL REALITY,universalreality.png,https://nebunexa.co/extencion.html?get=VW5pdmVyc2FsX1JlYWxpdHk=&lang=1&start=true
UNIVERSAL PREMIER,universalpremiere.png,https://nebunexa.co/extencion.html?get=VW5pdmVyc2FsX1ByZW1pZXJl&lang=1&start=true
IMAGEN UNIVERSAL,Iu.png,chrome-extension://opmeopcambhfimffbomjgemehjkbbmji/pages/player.html#https://imagenuniversaltv.net:3771/hybrid/play.m3u8
HISTORY 2,history2.png,https://nebunexa.co/extencion.html?get=SGlzdG9yeV8y&lang=1&start=true
HISTORY,history.png,https://nebunexa.co/extencion.html?get=SGlzdG9yeUhE&lang=1&start=true
NATIONAL GEOGRAPHIC,national.png,https://nebunexa.co/extencion.html?get=TmF0R2VvSEQ=&lang=1&start=true
DISCOVERY CHANNEL,discoverychannel.png,https://nebunexa.co/extencion.html?get=RGlzY292ZXJ5SEQ=&lang=1&start=true
DISCOVERY ID,discoveryid.png,https://nebunexa.co/extencion.html?get=SUQ=&lang=1&start=true
DISCOVERY H&H,discoveryhh.png,https://nebunexa.co/extencion.html?get=RGlzY292ZXJ5SG9tZUhlYWx0aEhE&lang=1&start=true
DISCOVERY TURBO,discoveryturbo.png,https://nebunexa.co/extencion.html?get=RGlzY292ZXJ5VHVyYm8=&lang=1&start=true
DISCOVERY SCIENCE,discoverySCIENCE.png,https://nebunexa.co/extencion.html?get=RGlzY292ZXJ5X1NjaWVuY2U=&lang=1&start=true
DISCOVERY THEATER,discoverytheater.png,https://nebunexa.co/extencion.html?get=VGhlYXRlcl9IRA==&lang=1&start=true
DISCOVERY WORLD,discoveryworld.png,https://nebunexa.co/extencion.html?get=RGlzY292ZXJ5X1dvcmxkX0hE&lang=1&start=true
TLC,tlc.png,https://nebunexa.co/cvatt2.php?get=VExD&lang=1&start=true
ANIMAL PLANET,animal.png,https://nebunexa.co/extencion.html?get=QW5pbWFsUGxhbmV0&lang=1&start=true
LIFETIME,lifetime.png,https://nebunexa.co/extencion.html?get=TGlmZXRpbWU=&lang=1&start=true
FOOD NETWORK,foodnet.png,https://nebunexa.co/extencion.html?get=Rm9vZF9OZXR3b3Jr&lang=1&start=true
SUN CHANNEL,sun.png,https://nebunexa.co/extencion.html?get=U3VuX0NoYW5uZWw=&lang=1&start=true
A3CINE,a3cine.png,https://nebunexa.co/extencion.html?get=QTNfQ2luZQ==&lang=1&start=true
ENTERTAIMENT,entertainment.png,https://nebunexa.co/extencion.html?get=RV9FbnRlcnRhaW5tZW50X1RlbGV2aXNpb24=&lang=1&start=true
EURO CHANNEL,euro.png,https://nebunexa.co/extencion.html?get=RXVyb2NoYW5uZWw=&lang=1&start=true
EUROPA EUROPA,europa.png,https://nebunexa.co/extencion.html?get=RXVyb3BhX0V1cm9wYQ&lang=1&start=true
EURONEWS,euronews.png,https://nebunexa.co/extencion.html?get=RXVyb25ld3M=
TVE,tve.png,https://nebunexa.co/extencion.html?get=VFZfRXNwYW5h&lang=1&start=true
ANTENA 3,antena3int.png,https://nebunexa.co/extencion.html?get=QW50ZW5hXzM=&lang=1&start=true
TV5,tv5monde.png,https://nebunexa.co/extencion.html?get=VFY1X01vbmRl&lang=1&start=true
FILM & ARTS,film-arts.png,https://nebunexa.co/extencion.html?get=RmlsbV9BcnRz&lang=1&start=true
A&E,ae.png,https://nebunexa.co/extencion.html?get=QUVIRA==&lang=1&start=true
DW,dw.png,chrome-extension://opmeopcambhfimffbomjgemehjkbbmji/pages/player.html#https://dwamdstream104.akamaized.net/hls/live/2015530/dwstream104/stream03/streamPlaylist.m3u8
TELEMAX,telemax.png,https://nebunexa.co/extencion.html?get=VGVsZW1heA&lang=1&start=true
GARAGE TV,garage.png,https://nebunexa.co/extencion.html?get=RWxfR2FyYWdl&lang=1&start=true
TNT NOVELAS,tntnovelas.png,https://nebunexa.co/extencion.html?get=VEJT&lang=1&start=true
NOVELAS INOLVIDABLES,plutonovelas.png,chrome-extension://opmeopcambhfimffbomjgemehjkbbmji/pages/player.html#https://ov.ottera.tv/channels/cnm_niv/master550000.m3u8;session=cnm_niv
PLUTO NOVELAS,plutonovelasdrama.png,chrome-extension://opmeopcambhfimffbomjgemehjkbbmji/pages/player.html#https://service-stitcher.clusters.pluto.tv/stitch/hls/channel/5e84dbf4a838b60007ffbba1/master.m3u8?advertisingId=&appName=web&appStoreUrl=&appVersion=DNT&app_name=&architecture=&buildVersion=&deviceDNT=0&deviceId=5e84dbf4a838b60007ffbba1&deviceLat=&deviceLon=&deviceMake=web&deviceModel=web&deviceType=web&deviceVersion=DNT&includeExtendedEvents=false&marketingRegion=US&serverSideAds=false&sid=942&terminate=false&userId=
PLUTO ROMANCE,plutonovelasromance.png,chrome-extension://opmeopcambhfimffbomjgemehjkbbmji/pages/player.html#https://service-stitcher.clusters.pluto.tv/stitch/hls/channel/5e84db2db3851800077c871e/master.m3u8?advertisingId=&appName=web&appStoreUrl=&appVersion=DNT&app_name=&architecture=&buildVersion=&deviceDNT=0&deviceId=5e84db2db3851800077c871e&deviceLat=&deviceLon=&deviceMake=web&deviceModel=web&deviceType=web&deviceVersion=DNT&includeExtendedEvents=false&marketingRegion=US&serverSideAds=false&sid=941&terminate=false&userId=
PLUTO NOVELAS TELEMUNDO,plutonovelasar.png,chrome-extension://opmeopcambhfimffbomjgemehjkbbmji/pages/player.html#https://service-stitcher.clusters.pluto.tv/stitch/hls/channel/5cf96cc422df39f1a338d165/master.m3u8?advertisingId=&appName=web&appStoreUrl=&appVersion=DNT&app_name=&architecture=&buildVersion=&deviceDNT=0&deviceId=5cf96cc422df39f1a338d165&deviceLat=&deviceLon=&deviceMake=web&deviceModel=web&deviceType=web&deviceVersion=DNT&includeExtendedEvents=false&marketingRegion=US&serverSideAds=false&sid=940&terminate=false&userId=
NOVELAS TURCAS,novelasturcas.png,chrome-extension://opmeopcambhfimffbomjgemehjkbbmji/pages/player.html#https://stream.ads.ottera.tv/playlist.m3u8?network_id=5088
CANAL DE LAS ESTRELLAS,estrellas.png,https://nebunexa.co/extencion.html?get=Q2FuYWxfZGVfbGFzX2VzdHJlbGxhcw==&lang=1&start=true
HOLA TV,hola.png,https://nebunexa.co/extencion.html?get=SG9sYV9UVg==&lang=1&start=true
LA TELE,latele.png,https://nebunexa.co/extencion.html?get=TEFfVEVMRV9DNA==&lang=1&start=true
NET TV,nettv.png,https://nebunexa.co/extencion.html?get=TmV0X1RW&lang=1&start=true
NPY,npy.png,https://nebunexa.co/extencion.html?get=Tk9USUNJQVNfUFlfQzQ=&lang=1&start=true
TV CHILE,tv-chile.png,https://nebunexa.co/extencion.html?get=VHZfQ2hpbGU=&lang=1&start=true
WILLAX,Willax_Televisión.png,https://streamplayweb.com/tv2/willax.php
EXITOSA,exitosa.png,https://luna-1-video.mediaserver.digital/exitosatv_233b-4b49-a726-5a3cb0e3243c/embed.html?autoplay=0
TV ONE,one.png,chrome-extension://opmeopcambhfimffbomjgemehjkbbmji/pages/player.html#https://streamtv.onliv3.online:1936/karibtv/karibtv/playlist.m3u8
TV Peru,tvperu.png,https://irtp-player.iblups.com/tvperuhd
TV Peru Noticias,tvperunoticias.png,https://irtp-player.iblups.com/tvperunoticias
TV Peru Internacional,tvperuinternacional.png,https://irtp-player.iblups.com/tvperuinternacional
SOL TELEVISION,sol.png,chrome-extension://opmeopcambhfimffbomjgemehjkbbmji/pages/player.html#https://video03.logicahost.com.br/soltv/soltv/playlist.m3u8
LATINA,latina.png,https://rudo.video/live/latina
LATINA NOTICIAS,latinanoticias.png,https://rudo.video/live/latinanoticias
LATINA CLASICO,latinaclasico.png,https://rudo.video/live/latina2
QT PERU,qt.png,chrome-extension://opmeopcambhfimffbomjgemehjkbbmji/pages/player.html#https://servilive.com:3753/live/qosqotimeslive.m3u8
KARIBEÑA,karibeña.png,https://live-player.egostreaming.pe/karibenatv_685a-pe-a5676-584412/embed.html
ESPN,espn.png,https://nebunexa.co/extencion.html?get=RVNQTjJIRA&lang=1&start=true
TYC SPORTS,tyc.png,https://nebunexa.co/extencion.html?get=VHlDU3BvcnQ&lang=1&start=true
TNT Sports,tntsports.png,https://nebunexa.co/extencion.html?get=VE5UX1Nwb3J0c19IRA&lang=1&start=true
TYC Sports,tyc.png,https://nebunexa.co/extencion.html?get=VHlDU3BvcnQ&lang=1&start=true&start=true
FOX Sports 2,foxsports2.png,https://nebunexa.co/extencion.html?get=Rm94U3BvcnRzMkhE&lang=1&start=true
FOX Sports 3,foxsports3.png,https://nebunexa.co/extencion.html?get=Rm94U3BvcnRzM0hE&lang=1&start=true
DEPORTV,deportv.png,https://nebunexa.co/extencion.html?get=RGVwb3JUVkhE&lang=1&start=true
VISION TV,VISION.png,chrome-extension://opmeopcambhfimffbomjgemehjkbbmji/pages/player.html#https://cdn.streamhispanatv.net:3531/live/tvsretrogtlive.m3u8
LA HERMANDAD SALSERA,HERMANDAD.pnG,chrome-extension://opmeopcambhfimffbomjgemehjkbbmji/pages/player.html#https://streamlov.alsolnet.com/hermandadsalsera/live/playlist.m3u8
HTV,htv.png,https://nebunexa.co/extencion.html?get=SFRW&lang=1&start=true
MUSIC TOP,musictop.png,chrome-extension://opmeopcambhfimffbomjgemehjkbbmji/pages/player.html#https://stream-gtlc.telecentro.net.ar/hls/musictophls/main.m3u8
CM,cm.png,https://nebunexa.co/extencion.html?get=Q00=&lang=1&start=true
ONDA DIGITAL,onda.png,chrome-extension://opmeopcambhfimffbomjgemehjkbbmji/pages/player.html#https://v4.tustreaming.cl/radioondadigitaltv/index.m3u8
QUIERO TV,quiero.png,https://nebunexa.co/extencion.html?get=UXVpZXJvX0hE&lang=1&start=true
RETRO PLUS,RETROPLUS.png,chrome-extension://opmeopcambhfimffbomjgemehjkbbmji/pages/player.html#https://scl.edge.grupoz.cl/retroplus16@grupoz.cl_retrolive/live/chunklist_w988694040.m3u8
MTV,mtv.png,https://nebunexa.co/extencion.html?get=TVRWX0hE&lang=1&start=true&lang=1&start=true
MTV CLUB,clubmtv.png,https://nebunexa.co/canal/?id=CLUB_MTV&lang=1&start=true&lang=1&start=true
MTV 00S,mtv00s.png,https://nebunexa.co/extencion.html?get=TVRWMDA=&lang=1&start=true&lang=1&start=true
MTV 80S,mtv80s.png,https://nebunexa.co/canal/?id=MTV_80S&lang=1&start=true
MTV 90S,mtv90s.png,https://nebunexa.co/canal/?id=MTV_90S&lang=1&start=true
MTV HITS,mtvhits.png,https://nebunexa.co/extencion.html?get=TVRWX0hpdHM=&lang=1&start=true
VCLASSIC TROPICAL,vclassictropical.png,chrome-extension://opmeopcambhfimffbomjgemehjkbbmji/pages/player.html#https://5eaccbab48461.streamlock.net:1936/8222/8222/chunklist_w205162170.m3u8
VCLASSIC,vclassic.png,chrome-extension://opmeopcambhfimffbomjgemehjkbbmji/pages/player.html#https://5eaccbab48461.streamlock.net:1936/8112/8112/chunklist_w6735126.m3u8
FLASHBACK,FLASH.pnG,chrome-extension://opmeopcambhfimffbomjgemehjkbbmji/pages/player.html#https://muzzik-live.morescreens.com/mts-8/playlist.m3u8
MAGIC TV,MAGIC.pnG,chrome-extension://opmeopcambhfimffbomjgemehjkbbmji/pages/player.html#https://bss1.neterra.tv/magictv/magictv.m3u8
TV VEVO,VEVO.PNG,chrome-extension://opmeopcambhfimffbomjgemehjkbbmji/pages/player.html#https://service-stitcher.clusters.pluto.tv/v1/stitch/embed/hls/channel/5fd7bca3e0a4ee0007a38e8c/master.m3u8?advertisingId=channel&appName=rokuchannel&appVersion=1.0&bmodel=bm1&channel_id=channel&content=channel&content_rating=ROKU_ADS_CONTENT_RATING&content_type=livefeed&coppa=false&deviceDNT=1&deviceId=channel&deviceMake=rokuChannel&deviceModel=web&deviceType=rokuChannel&deviceVersion=1.0&embedPartner=rokuChannel&genre=ROKU_ADS_CONTENT_GENRE&is_lat=1&platform=web&rdid=channel&studio_id=viacom&tags=ROKU_CONTENT_TAGS
TV VEVO RETRO ROCK,VEVORETROROCK.png,chrome-extension://opmeopcambhfimffbomjgemehjkbbmji/pages/player.html#https://stitcher-ipv4.pluto.tv/v1/stitch/embed/hls/channel/61d4b38226b8a50007fe03a6/master.m3u8?deviceType=samsung-tvplus&deviceMake=samsung&deviceModel=samsung&deviceVersion=unknown&appVersion=unknown&deviceLat=0&deviceLon=0&deviceDNT=%7BTARGETOPT%7D&deviceId=%7BPSID%7D&advertisingId=%7BPSID%7D&us_privacy=1YNY&samsung_app_domain=%7BAPP_DOMAIN%7D&samsung_app_name=%7BAPP_NAME%7D&profileLimit=&profileFloor=&embedPartner=samsung-tvplus
TV VEVO 90S,VEVO90.png,chrome-extension://opmeopcambhfimffbomjgemehjkbbmji/pages/player.html#https://service-stitcher.clusters.pluto.tv/v1/stitch/embed/hls/channel/5fd7bb1f86d94a000796e2c2/master.m3u8?advertisingId=channel&appName=rokuchannel&appVersion=1.0&bmodel=bm1&channel_id=channel&content=channel&content_rating=ROKU_ADS_CONTENT_RATING&content_type=livefeed&coppa=false&deviceDNT=1&deviceId=channel&deviceMake=rokuChannel&deviceModel=web&deviceType=rokuChannel&deviceVersion=1.0&embedPartner=rokuChannel&genre=ROKU_ADS_CONTENT_GENRE&is_lat=1&platform=web&rdid=channel&studio_id=viacom&tags=ROKU_CONTENT_TAGS
TV VEVO 70S,VEVO70.png,chrome-extension://opmeopcambhfimffbomjgemehjkbbmji/pages/player.html#https://service-stitcher.clusters.pluto.tv/v1/stitch/embed/hls/channel/5f32f26bcd8aea00071240e5/master.m3u8?advertisingId=channel&appName=rokuchannel&appVersion=1.0&bmodel=bm1&channel_id=channel&content=channel&content_rating=ROKU_ADS_CONTENT_RATING&content_type=livefeed&coppa=false&deviceDNT=1&deviceId=channel&deviceMake=rokuChannel&deviceModel=web&deviceType=rokuChannel&deviceVersion=1.0&embedPartner=rokuChannel&genre=ROKU_ADS_CONTENT_GENRE&is_lat=1&platform=web&rdid=channel&studio_id=viacom&tags=ROKU_CONTENT_TAGS
VINTAGE MUSIC,vintage.png,chrome-extension://opmeopcambhfimffbomjgemehjkbbmji/pages/player.html#https://59ef525c24caa.streamlock.net/vmtv/tvvintage/playlist.m3u8
CONECTA TV,conecta.png,chrome-extension://opmeopcambhfimffbomjgemehjkbbmji/pages/player.html#https://stream8.mexiserver.com:19360/conectatvx/conectatvx.m3u8
IMPACT TV Dance,impact.png,chrome-extension://opmeopcambhfimffbomjgemehjkbbmji/pages/player.html#https://online.tvimpact.live/hls/dancetv.m3u8
NOW ROCK,nowrock.png,chrome-extension://opmeopcambhfimffbomjgemehjkbbmji/pages/player.html#https://lightning-now90s-samsungnz.amagi.tv/playlist.m3u8
NOW 80s,now80s.png,chrome-extension://opmeopcambhfimffbomjgemehjkbbmji/pages/player.html#https://lightning-now80s-samsungnz.amagi.tv/playlist.m3u8
NOW 70s,now70s.png,chrome-extension://opmeopcambhfimffbomjgemehjkbbmji/pages/player.html#https://lightning-now70s-samsungnz.amagi.tv/playlist.m3u8
PAKA PAKA,Pakapaka.png,https://nebunexa.co/extencion.html?get=UEFLQV9QQUtB&lang=1&start=true
DREAMWORKS,Dreamworks.png,https://nebunexa.co/extencion.html?get=RHJlYW13b3Jrcw==&lang=1&start=true
NICK JUNIOR,nickj.png,https://nebunexa.co/extencion.html?get=Tmlja19Kcg==&lang=1&start=true
NICKELODEON,nick.png,https://nebunexa.co/extencion.html?get=Tmlja2Vsb2Rlb24=&lang=1&start=true
DISCOVERY KIDS,discoverykids.png,https://nebunexa.co/extencion.html?get=RGlzY292ZXJ5X0tpZHM=&lang=1&start=true
DISNEY JUNIOR,disneyjunior.png,https://nebunexa.co/extencion.html?get=RGlzbmV5SnI=&lang=1&start=true
DISNEY CHANNEL,disneychannel.png,https://nebunexa.co/extencion.html?get=RGlzbmV5Q2hhbm5lbEhE&lang=1&start=true
CARTOONITO,cartoonito.png,https://nebunexa.co/extencion.html?get=Qm9vbWVyYW5n&lang=1&start=true
CARTOON NETWORK,cartoonnetwork.png,https://nebunexa.co/extencion.html?get=Q2FydG9vbk5ldHdvcms=&lang=1&start=true
ADULT SWIM,adult-swim@2x.png,https://nebunexa.co/extencion.html?get=QWR1bHRfU3dpbQ==&lang=1&start=true
