VOLVER AL FUTURO,http://imgfz.com/i/6N8bLdA.png,https://d000d.com/e/r8ddrs5pvbm5
VOLVER AL FUTURO 2,http://imgfz.com/i/m9JAp3s.png,https://d000d.com/e/h8brdb71wsi4
VOLVER AL FUTURO 3,http://imgfz.com/i/G0Cimxp.png,https://d000d.com/e/3thteivjw0to
DIOSES DE EGIPTO,http://imgfz.com/i/hjKq6rl.png,https://d000d.com/e/bzb48wqodl4v
ET EL EXTRATERRESTRE,http://imgfz.com/i/4zI1072.png,https://d000d.com/e/xyc1rnm2cm0g
JUMANJI,http://imgfz.com/i/RYFWinr.png,https://d000d.com/e/kax3sjhsw2nk
MILAGRO EN LA CALLE 8,http://imgfz.com/i/IBAjnKN.png,https://ok.ru/videoembed/2501336828562
EL SECRETO DE MI EXITO,http://imgfz.com/i/IXF6Gx2.png,https://ok.ru/videoembed/1143021505240
PESADILLA,http://imgfz.com/i/XI3WEPY.png,https://uqload.ws/embed-lhf773r1hfeo.html
GREMLIMS,http://imgfz.com/i/KXe4aAG.png,https://uqload.com/embed-pgfo6ukyabcq.html
GRENLIMS 2,http://imgfz.com/i/89PwvEb.png,https://ok.ru/videoembed/4677345282761
TITANIC,http://imgfz.com/i/rlFS05H.png,https://jilliandescribecompany.com/e/kh5vw2kuuklw
DOCTOR HOLLIWOOD,http://imgfz.com/i/BTiXLcW.png,https://dood.li/e/azofhxo93zna
GHOST,http://imgfz.com/i/nNHDFbW.png,https://dood.li/e/kpd1okyvcoko
