BBC DOCTOR WHO,https://github.com/galvanoteca2001/FLOW/blob/main/iconos25/docwho.png?raw=true,chrome-extension://opmeopcambhfimffbomjgemehjkbbmji/pages/player.html#https://amg00793-amg00793c15-rakuten-es-5359.playouts.now.amagi.tv/playlist.m3u8
BBC DRAMA,https://github.com/galvanoteca2001/FLOW/blob/main/iconos25/bbcdrama.png?raw=true,chrome-extension://opmeopcambhfimffbomjgemehjkbbmji/pages/player.html#https://amg00793-amg00793c40-rakuten-es-5444.playouts.now.amagi.tv/playlist.m3u8
CGTN ESPAÑOL,https://github.com/galvanoteca2001/FLOW/blob/main/iconos25/cgtndocu.png?raw=true,chrome-extension://opmeopcambhfimffbomjgemehjkbbmji/pages/player.html#https://amg01314-cgtn-amg01314c3-rakuten-uk-1318.playouts.now.amagi.tv/cgtn-es-rakuten/playlist.m3u8
COPS,https://github.com/galvanoteca2001/FLOW/blob/main/iconos25/cops.png?raw=true,chrome-extension://opmeopcambhfimffbomjgemehjkbbmji/pages/player.html#https://rightsboosterltd-cops-1-es.rakuten.wurl.tv/playlist.m3u8
CRIMENES REALES,https://github.com/galvanoteca2001/FLOW/blob/main/iconos25/crimenesreales.png?raw=true,chrome-extension://opmeopcambhfimffbomjgemehjkbbmji/pages/player.html#https://amg01796-amg01796c13-rakuten-gb-6739.playouts.now.amagi.tv/playlist.m3u8
ESTILO Y VIDA,https://github.com/galvanoteca2001/FLOW/blob/main/iconos25/estilovida.png?raw=true,https://4a7284f0c8334835adb8f223c36fbc37.mediatailor.eu-west-1.amazonaws.com/v1/master/0547f18649bd788bec7b67b746e47670f558b6b2/production-LiveChannel-6232/master.m3u8
FIFA,https://github.com/galvanoteca2001/FLOW/blob/main/iconos25/fifa.png?raw=true,chrome-extension://opmeopcambhfimffbomjgemehjkbbmji/pages/player.html#https://d63fabad.wurl.com/master/f36d25e7e52f1ba8d7e56eb859c636563214f541/UmFrdXRlblRWLWVzX0ZJRkFQbHVzU3BhbmlzaF9ITFM/playlist.m3u8
GRINGO PELICULAS,https://github.com/galvanoteca2001/FLOW/blob/main/iconos25/gringo.png?raw=true,chrome-extension://opmeopcambhfimffbomjgemehjkbbmji/pages/player.html#https://amogo-networx-grjngopelculasdeloeste-1-es.rakuten.wurl.tv/playlist.m3u8
IDEAS EN 5,https://github.com/galvanoteca2001/FLOW/blob/main/iconos25/ideasen5.png?raw=true,chrome-extension://opmeopcambhfimffbomjgemehjkbbmji/pages/player.html#https://soul-5mincraftspa-rakuten.amagi.tv/playlist.m3u8
LOS GIPSY KINGS,https://github.com/galvanoteca2001/FLOW/blob/main/iconos25/gipsykings.png?raw=true,chrome-extension://opmeopcambhfimffbomjgemehjkbbmji/pages/player.html#https://gipsy-kings-rakuten-tv-es.fast.rakuten.tv/v1/master/0547f18649bd788bec7b67b746e47670f558b6b2/production-LiveChannel-6752/master.m3u8
MR BEAN ANIME,https://github.com/galvanoteca2001/FLOW/blob/main/iconos25/mrbean.png?raw=true,chrome-extension://opmeopcambhfimffbomjgemehjkbbmji/pages/player.html#https://amg00627-amg00627c30-rakuten-es-3990.playouts.now.amagi.tv/playlist/amg00627-banijayfast-mrbeanescc-rakutenes/playlist.m3u8
MY TIME,https://github.com/galvanoteca2001/FLOW/blob/main/iconos25/mytime.png?raw=true,chrome-extension://opmeopcambhfimffbomjgemehjkbbmji/pages/player.html#https://appletree-mytimespain-rakuten.amagi.tv/playlist.m3u8
NATURE TIME,https://github.com/galvanoteca2001/FLOW/blob/main/iconos25/naturetime.png?raw=true,chrome-extension://opmeopcambhfimffbomjgemehjkbbmji/pages/player.html#https://amg00090-amgnaturetimeemea-rakuten.amagi.tv/playlist.m3u8
ACTION MOVIES,https://github.com/galvanoteca2001/FLOW/blob/main/iconos25/accion.png?raw=true,chrome-extension://opmeopcambhfimffbomjgemehjkbbmji/pages/player.html#https://a9c57ec7ec5e4b7daeacc6316a0bb404.mediatailor.eu-west-1.amazonaws.com/v1/master/0547f18649bd788bec7b67b746e47670f558b6b2/production-LiveChannel-6069/master.m3u8
TV CINE ESPAÑOL,https://github.com/galvanoteca2001/FLOW/blob/main/iconos25/cineespaniol.png?raw=true,chrome-extension://opmeopcambhfimffbomjgemehjkbbmji/pages/player.html#https://3ed8837c27bf41dabe8e2627be2e57e6.mediatailor.eu-west-1.amazonaws.com/v1/master/0547f18649bd788bec7b67b746e47670f558b6b2/production-LiveChannel-6196/master.m3u8
TV CINE COMEDIAS,https://github.com/galvanoteca2001/FLOW/blob/main/iconos25/comedia.png?raw=true,chrome-extension://opmeopcambhfimffbomjgemehjkbbmji/pages/player.html#https://71db867f03ce4d71a29e92155f07ab87.mediatailor.eu-west-1.amazonaws.com/v1/master/0547f18649bd788bec7b67b746e47670f558b6b2/production-LiveChannel-6180/master.m3u8
TV CRIMEN,https://github.com/galvanoteca2001/FLOW/blob/main/iconos25/crimen.png?raw=true,chrome-extension://opmeopcambhfimffbomjgemehjkbbmji/pages/player.html#https://4ac0fe739f05408abf89ce151aced344.mediatailor.eu-west-1.amazonaws.com/v1/master/0547f18649bd788bec7b67b746e47670f558b6b2/production-LiveChannel-6220/master.m3u8
TV DRAMA,https://github.com/galvanoteca2001/FLOW/blob/main/iconos25/drama.png?raw=true,chrome-extension://opmeopcambhfimffbomjgemehjkbbmji/pages/player.html#https://a7089c89d85f453d850c4a1518b43076.mediatailor.eu-west-1.amazonaws.com/v1/master/0547f18649bd788bec7b67b746e47670f558b6b2/production-LiveChannel-6092/master.m3u8
TV ROMANCE,https://github.com/galvanoteca2001/FLOW/blob/main/iconos25/romantico.png?raw=true,chrome-extension://opmeopcambhfimffbomjgemehjkbbmji/pages/player.html#https://4b95c0f7aa2b4cae80f6515600154151.mediatailor.eu-west-1.amazonaws.com/v1/master/0547f18649bd788bec7b67b746e47670f558b6b2/production-LiveChannel-6105/master.m3u8
SCI-FI,https://github.com/galvanoteca2001/FLOW/blob/main/iconos25/scifi.png?raw=true,chrome-extension://opmeopcambhfimffbomjgemehjkbbmji/pages/player.html#https://sci-fi-rakuten-tv-es.fast.rakuten.tv/v1/master/0547f18649bd788bec7b67b746e47670f558b6b2/production-LiveChannel-6740/master.m3u8
TV TRILLER,https://github.com/galvanoteca2001/FLOW/blob/main/iconos25/trillers.png?raw=true,chrome-extension://opmeopcambhfimffbomjgemehjkbbmji/pages/player.html#https://thriller-rakuten-tv-es.fast.rakuten.tv/v1/master/0547f18649bd788bec7b67b746e47670f558b6b2/production-LiveChannel-6480/master.m3u8
TV TOP,https://github.com/galvanoteca2001/FLOW/blob/main/iconos25/topgear.png?raw=true,chrome-extension://opmeopcambhfimffbomjgemehjkbbmji/pages/player.html#https://ff335120300e4742a2b135ee9a9e7df8.mediatailor.eu-west-1.amazonaws.com/v1/master/0547f18649bd788bec7b67b746e47670f558b6b2/production-LiveChannel-5983/master.m3u8
VIKI,https://github.com/galvanoteca2001/FLOW/blob/main/iconos25/viki.png?raw=true,chrome-extension://opmeopcambhfimffbomjgemehjkbbmji/pages/player.html#https://newidco-rakutenviki-3-es.rakuten.wurl.tv/playlist.m3u8
RANTARO NINJA BOY,https://github.com/galvanoteca2001/FLOW/blob/main/iconos25/ninjaboy.png?raw=true,chrome-extension://opmeopcambhfimffbomjgemehjkbbmji/pages/player.html#https://rantaro-ninja-boy-rakuten-tv-es.fast.rakuten.tv/v1/master/0547f18649bd788bec7b67b746e47670f558b6b2/production-LiveChannel-6432/master.m3u8
TOP BARZA,https://github.com/galvanoteca2001/FLOW/blob/main/iconos25/topbarca.png?raw=true,chrome-extension://opmeopcambhfimffbomjgemehjkbbmji/pages/player.html#https://amg17560-fcb-amg17560c2-rakuten-es-4889.playouts.now.amagi.tv/playlist.m3u8
TRAVEL XP,https://github.com/galvanoteca2001/FLOW/blob/main/iconos25/travelxp.png?raw=true,chrome-extension://opmeopcambhfimffbomjgemehjkbbmji/pages/player.html#https://travelxp-travelxp-5-eu.rakuten.wurl.tv/playlist.m3u8
VEVO LATINO,https://github.com/galvanoteca2001/FLOW/blob/main/iconos25/vevolatino.png?raw=true,chrome-extension://opmeopcambhfimffbomjgemehjkbbmji/pages/player.html#https://amg00056-amg00056c13-rakuten-es-3246.playouts.now.amagi.tv/playlist.m3u8
VEVO POP,https://github.com/galvanoteca2001/FLOW/blob/main/iconos25/vevopop.png?raw=true,chrome-extension://opmeopcambhfimffbomjgemehjkbbmji/pages/player.html#https://amg00056-amg00056c10-rakuten-es-3242.playouts.now.amagi.tv/playlist.m3u8
KANAL D,https://github.com/galvanoteca2001/FLOW/blob/main/iconos25/kanald.png?raw=true,chrome-extension://opmeopcambhfimffbomjgemehjkbbmji/pages/player.html#https://thema-vivekanald-rakuten.amagi.tv/playlist.m3u8
YU-GI-OH,https://github.com/galvanoteca2001/FLOW/blob/main/iconos25/yugioh.png?raw=true,chrome-extension://opmeopcambhfimffbomjgemehjkbbmji/pages/player.html#https://amg01796-amg01796c18-rakuten-es-7491.playouts.now.amagi.tv/playlist/amg01796-fastmediafast-yugiohees-rakutenes/playlist.m3u8
CINE FRIKI,https://github.com/galvanoteca2001/FLOW/blob/main/iconos25/friki.png?raw=true,chrome-extension://opmeopcambhfimffbomjgemehjkbbmji/pages/player.html#https://zylo-cinefriki-rakuten.amagi.tv/playlist.m3u8









